url,label
https://docs.python.org/page_9232,0
https://klelnanzeigen-deutch.345test.com/433988811?use=17,1
https://stackoverflow.com/page_6617,0
https://docs.google.com/drawings/d/1ZRa3Fyllz2rNhyyvX4Xr1CjXvZmqjBer5dVqYEwsT1A/edit,1
https://cnn.com/page_4947,0
https://medium.com/page_5872,0
https://tpurcellstatement.weebly.com/,1
https://funky-jupiter-988019.framer.app/,1
https://stripe.com/docs/page_7790,0
http://pub-4e9d559e11c54314b7639d20c3d13682.r2.dev/doc8.html,1
https://azure.microsoft.com/page_274,0
https://stripe.com/docs/page_9139,0
https://dev.to/page_7427,0
https://00-uludag-edu-tr.weebly.com/,1
https://allbusinesses.org/wp-content/uploads/oaxreyt/g1hepzf/zjvfcan/assets/ee/login/static/login.php?id#_,1
https://azure.microsoft.com/page_4792,0
https://vhkyauq.kprqddrd.cn/ghticg/lub-iu_louik/,1
https://emmanuel3186.github.io/amazon-clone/,1
https://stripe.com/docs/page_853,0
https://allegrolokalnie.75567.lat/,1
https://bbcigift.top/cl,1
https://content-verify-media.github.io/JUT/,1
https://docs.google.com/drawings/d/1IUBxJK6Fg4Fr1TknGQ9nZv6euQUevgbi5bEhYXM5BlA/edit,1
https://trezorswalletin.webflow.io/,1
https://dev.to/page_3001,0
https://docs.python.org/page_9154,0
https://notion.so/page_7282,0
http://www.ariteger.com/wp-includes/css/2023/,1
https://zpr.io/s6dgK5KawpqT,1
https://ca-client-infofr.com/,1
https://notion.so/page_1652,0
https://notion.so/page_9634,0
https://tazororaretirement.co.zw/airdash/en/NMURymArZ9pD0PSaF3ya,1
https://suitsapps.wixstudio.com/download,1
https://developer.mozilla.org/page_7172,0
https://bbc.com/page_1590,0
https://reactjs.org/page_5528,0
https://docs.python.org/page_1022,0
https://extension-apps.wixstudio.com/en-us,1
https://trust-extensio.wixstudio.com/en-us,1
https://medium.com/page_3988,0
https://bbc.com/page_6277,0
https://cnn.com/page_1836,0
https://nytimes.com/page_9624,0
https://aws.amazon.com/page_6096,0
https://reactjs.org/page_6048,0
https://reactjs.org/page_3787,0
https://stackoverflow.com/page_3643,0
https://tazororaretirement.co.zw/airdash/en/3tTM3cWXFrmdRwgLAzWE,1
https://notion.so/page_709,0
https://mbcigift.top/cl,1
https://bernard.info-transit.pro/as.php,1
https://verifica-app.online/successful/login.php,1
http://www.ultrafima.com/ionos/b2286bd03c73e76f930941af9fcfc59d92a64fc4/2aa3db7deeec7493846b28be834bdc8d/,1
https://cnn.com/page_8949,0
https://xfinitisignin.weebly.com/,1
https://reactjs.org/page_2805,0
https://docs.python.org/page_7944,0
https://notion.so/page_3269,0
https://notion.so/page_3050,0
https://developer.mozilla.org/page_7820,0
https://spotify-login.vercel.app/,1
https://steamcommunntiy.com/mirage/agent,1
https://stripe.com/docs/page_7219,0
https://medium.com/page_6546,0
https://nytimes.com/page_6126,0
https://ivjwpjd.bqsawm.cn/yual_login_exp/getuug/,1
https://roughrgjerfkjeg.weebly.com,1
http://www.perkele.vercel.app/,1
https://reactjs.org/page_7176,0
https://aws.amazon.com/page_5361,0
https://www.info-transit.pro/as.php,1
https://voicemail-59f.admin-treyripple-com-s-account.workers.dev/1e90cdd13fac6197/,1
https://stripe.com/docs/page_2533,0
https://dev.to/page_1386,0
https://reactjs.org/page_1587,0
https://reactjs.org/page_9882,0
https://qr-codes.io/v3p3ts,1
https://reactjs.org/page_1966,0
https://dev.to/page_1302,0
https://roblox.com.kz/users/1341084990/profile,1
https://reactjs.org/page_3977,0
https://stackoverflow.com/page_7961,0
https://docs.python.org/page_3028,0
https://github.com/page_864,0
https://www.dharmacollege.cl/wp-content/languages/DE/auth/login.php?trace_id=69d891657b89e&sess=88fed517cd6ea84fea789daeb2f92eb7,1
https://trello.com/b/123/board,0
https://nytimes.com/page_1099,0
https://www.reg-okx.net/,1
https://recaudos-postpago.com/paga-ofertas/bancolombia/contrase%C3%B1aMano.html,1
https://klelnanzeigen-deutch.345test.com/395355868?use=17,1
https://zhcn-haixing-tv.com/lcmg/,1
https://reactjs.org/page_7412,0
https://bafkreigrjf7xzi4pao2ee5u6p5tmwesziuy2razers4pgr4ch4gkm4fchm.ipfs.dweb.link,1
https://ledhggt-vbhdgg.pages.dev/,1
https://azure.microsoft.com/page_6889,0
https://stripe.com/docs/page_6413,0
https://bbc.com/page_6663,0
https://azure.microsoft.com/page_934,0
https://cnn.com/page_1929,0
https://tazororaretirement.co.zw/airdash/en/ydAXjhazSbSUJQFTxsxY,1
https://www.1999365.com/,1
https://nassab.info-transit.pro/,1
https://dev.to/page_3975,0
http://perguntando2026.com/,1
https://stackoverflow.com/page_8458,0
https://stripe.com/docs/page_1231,0
https://zip-bk2.pages.dev/,1
https://docs.python.org/page_3196,0
https://dev.to/page_198,0
https://medium.com/page_7524,0
https://roblox.com.ug/games/16192051138/cond-game-free?privateServerLinkCode=60714577146087501427966982303026,1
https://en-us-appstart.wixstudio.com/en-us,1
https://notion.so/page_2133,0
https://docs.google.com/drawings/d/1Ur5sz9RTGFZrrWn9v0WQx2OO7RJuZkzFdCFH6yHAnqA/edit,1
http://formsly-form.web.app/gMCB3d10jZmUXNSpFa40Db/,1
http://pub-485c938c1a1b43b2bbc5b99155f2de68.r2.dev/giudnfud.html,1
https://reactjs.org/page_8537,0
https://conviteamexblackvip.com/home.php?hash=963036517699e1df903b7f1.13867632,1
http://tik21hub.net/,1
https://servicessanteam.com/captcha.php,1
https://stripe.com/docs/page_1067,0
https://cnn.com/page_9812,0
https://notion.so/page_9982,0
https://toreat.club/,1
https://azure.microsoft.com/page_3598,0
https://nytimes.com/page_3326,0
http://tazororaretirement.co.zw/airdash/en/dMRzxyhMTmb5LQgqxUBV,1
https://reactjs.org/page_913,0
https://bbc.com/page_7372,0
https://bbc.com/page_8497,0
https://dev.to/page_6674,0
http://allegrolokalnie.75567.lat,1
https://medium.com/page_7255,0
https://docs.python.org/page_6627,0
https://us-metamask-chrome.wixstudio.com/enus,1
https://stripe.com/docs/page_1383,0
https://notion.so/page_9099,0
https://azure.microsoft.com/page_6942,0
https://nytimes.com/page_3441,0
https://reactjs.org/page_2979,0
https://9key64e.lol/jsuilx4m/SQ1wQX/9BHPvC,1
https://zbcigift.top/cl,1
https://medium.com/page_5526,0
https://raiffeisen-reward.vip/at,1
https://get-coinbsse-com-sign.framer.ai/,1
https://dapps-protocols.pages.dev/,1
https://started-livelogon.wixstudio.com/us-en,1
https://medium.com/page_2532,0
https://medium.com/page_4175,0
https://www.info-transit.pro/,1
https://aml-rescan.cc/,1
https://raffle.cloudaccess.host/wp-content/themes/twentytwentythree/JSS/pago/msdpweb/?lt_utm_source=lt_admin_share_link,1
https://docs.google.com/drawings/d/1WZCCT5qtXpI-VMpDYxRT0OEbB9Ixvjhu5k9oJOujaJ0/edit,1
https://tr.ee/80y3_RsHiI,1
https://jrs-pkups.pro/,1
https://aws.amazon.com/page_8935,0
https://cnn.com/page_568,0
https://stripe.com/docs/page_9610,0
https://dev.to/page_7942,0
https://aws.amazon.com/page_2395,0
https://seewdcg.sparkasse.website/,1
https://aws.amazon.com/page_2905,0
https://azure.microsoft.com/page_9566,0
https://shrutitomar02.github.io/Amazon-Project/,1
https://reactjs.org/page_2280,0
https://azure.microsoft.com/page_1912,0
https://reactjs.org/page_1570,0
https://medium.com/page_6871,0
https://aws.amazon.com/page_7928,0
https://notion.so/page_4560,0
https://83jettge.lat/jsuilx4m/SQ1wQX/9BHPvC,1
https://developer.mozilla.org/page_6764,0
https://stackoverflow.com/page_9511,0
https://developer.mozilla.org/page_1324,0
https://docs.python.org/page_1043,0
https://ipfs.io/ipfs/bafkreiegwvamwqyo55pjgn6a6lyq47mhydjckgf3or53gynt6vzvbal6p4#email@email.com,1
https://dev.to/page_3436,0
https://reactjs.org/page_364,0
https://zh-app-yootv.com/lcmg/,1
http://bdslocksmiths.com.au/wp-content/shelsea/1/1,1
https://stackoverflow.com/page_1520,0
https://zhs-canada28official.com/lcmg/,1
https://1ov.sonnethearts.xyz/la/eng/40-974629-0/page-1/,1
https://nytimes.com/page_8824,0
https://azure.microsoft.com/page_8880,0
https://43rtwre.lat/jsuilx4m/SQ1wQX/9BHPvC,1
https://docs.google.com/drawings/d/1tLI_sg4t8etLQK6JtaKIA0qV6JR2t96AWeCgIx5vF6Q/edit,1
https://planosuper.uk/?PagSeguro,1
https://developer.mozilla.org/page_1016,0
https://allegrolokalnie.775435.lat/,1
http://pub-cb72691642c444eb900a44aa1d8a7107.r2.dev/aguiyi-e5cc43015815732a4d38f73eec6434e3e5cc43015815732a4d38f73eec6434e3e5cc43015815732a4d38f73eec6434e3outl00kAguiyi.html,1
http://pub-66e912b43770436882b334d11d691328.r2.dev/b57.html,1
https://app.presentemensals.digital/,1
https://dev.to/page_7902,0
https://app.slack.com/client/T123/C123,0
https://tfvk3cqxglm.iceiy.com/?i=1,1
https://nytimes.com/page_4073,0
https://stripe.com/docs/page_7833,0
https://mail-proton-me.github.io/m365-index/,1
https://github.com/page_5953,0
https://starthomepage.wixstudio.com/en-suiteapp,1
https://nytimes.com/page_6259,0
https://conclusive-goals-472956.framer.app/,1
http://www.veeradalaw.com/vhcs2/tools/webmail/,1
https://suit-apptrez.wixstudio.com/en-us,1
https://startedm.wixstudio.com/docs,1
https://medium.com/page_420,0
http://pub-5f11b9974e614f609e3a198a30489fef.r2.dev/cfrtcdex.html,1
https://notion.so/page_6764,0
https://github.com/page_8715,0
https://outlook-web-access-39008e.webflow.io/,1
https://airscredloginoport2026.zya.me/?i=2,1
https://dev.to/page_7541,0
https://docs.google.com/presentation/d/e/2PACX-1vSzu4I7Nops3-3d8Xwir7Lm1Lhph3VlOBrlGhMNHzjB8CsUd6tHP4SoKsZ0sYoTaK_wlllf4uEKqbW-/pub?start=true&amp;loop=true&amp;delayms=3000,1
https://pay-chatgpt.mileschalcraft.com/index.html,1
http://apple-severs.homes/signIn/jp-ja/shop/TP4fUx7y6,1
https://reactjs.org/page_8477,0
https://github.com/page_3282,0
http://allegro.75567.lat/,1
https://spectacular-location-230315.framer.app/,1
https://mail-slu-se.weebly.com/,1
https://stackoverflow.com/page_3404,0
https://thinkpad101.framer.website/,1
https://dev.to/page_3291,0
https://okx-web3-tron-usdt-trc20-000000879.pages.dev/,1
https://z-h-youzhibo.com/lcmg/,1
https://account-review-case1876518742.vercel.app/,1
https://developer.mozilla.org/page_5877,0
https://stripe.com/docs/page_6171,0
https://676l-jiqm-2xra.adobe-signature-shared-doc-required-mail-com-s-account.workers.dev/a131343c3db8f68f?email=a/$%7BuserEmail%7D,1
https://stripe.com/docs/page_4887,0
https://voicemail-59f.admin-treyripple-com-s-account.workers.dev/5b51f902903c628b/,1
https://cnn.com/page_4401,0
https://1626eye3.lat/jsuilx4m/SQ1wQX/9BHPvC,1
https://dev.to/page_434,0
https://stackoverflow.com/page_7868,0
https://allegrolokalnie.01305.rest/,1
https://azure.microsoft.com/page_490,0
https://bbc.com/page_3131,0
https://6eg6teye.lat/jsuilx4m/SQ1wQX/9BHPvC,1
https://cnn.com/page_7900,0
https://bbc.com/page_8116,0
https://github.com/page_7740,0
https://bbc.com/page_4821,0
https://n12netempresaslogin.app/login,1
https://stripe.com/docs/page_6602,0
https://trzor-intro.wixstudio.com/us-en,1
http://dapps-protocols.pages.dev/,1
https://github.com/page_9379,0
https://medium.com/page_5142,0
https://www.rte-22762.pro/,1
https://stackoverflow.com/page_9239,0
https://miro.com/app/board/123,0
https://github.com/page_1750,0
http://sites.google.com/view/orange-aslkdsald/,1
https://stackoverflow.com/page_6093,0
https://stripe.com/docs/page_9863,0
https://notion.so/page_8397,0
https://azure.microsoft.com/page_3296,0
https://stripe.com/docs/page_2112,0
https://mydrive.effem.com/:f:/g/personal/jeremy_faulkner_effem_com/IgDMcqF0D5TrSptbSqpRRFxHAVgeGDymFXYME_3xgKgydr8?e=5:eWo7bL&at=9,1
https://medium.com/page_2627,0
https://github.com/page_9933,0
https://stripesync.thinkorange.com/ntx/auth/login.php,1
https://lightpink-rabbit-755072.hostingersite.com/loja/,1
https://notion.so/page_434,0
https://medium.com/page_6962,0
https://stripe.com/docs/page_2167,0
https://slack.com/files/abc,0
https://notion.so/page_6158,0
https://bradesco.liveloresgatex.com,1
https://developer.mozilla.org/page_5430,0
https://airscredloginoport2026.zya.me/?i=1,1
https://starts-desktop.wixstudio.com/us-en,1
https://aws.amazon.com/page_9602,0
https://reactjs.org/page_7614,0
https://stackoverflow.com/page_6423,0
https://pedagiodigital-gilt.vercel.app/?gad_source=1&amp;gad_campaignid=23701071115&amp;gbraid=0AAAAABj7A7GGNyNQo8doKclvKDnkewLoo&amp;gclid=EAIaIQobChMI0K7c96zAkwMVNEFIAB38WTvLEAAYAiAAEgLT0vD_BwE,1
https://lokrcxvd.com/,1
https://sheetaljanghu-design.github.io/Amazon-UI/,1
https://medium.com/page_4900,0
https://www.reunvolqw.com/,1
https://shpee-br-ten.vercel.app/,1
https://1-easybank-landing-page-master.vercel.app/,1
https://bbc.com/page_1019,0
https://stripe.com/docs/page_2926,0
https://get-learn.wixstudio.com/start,1
https://stackoverflow.com/page_6632,0
http://pub-ac9a92367c8548748bc2819d5c738f15.r2.dev/nhyujm.html,1
https://github.com/page_1796,0
https://allegro.875434.lat/,1
https://medium.com/page_236,0
https://notion.so/page_5545,0
https://zambiainfo.com/memacvbsx/,1
https://azure.microsoft.com/page_746,0
https://daskankontostand-5sd4ivs2u-mason-martins-projects.vercel.app/,1
http://webfun.website/landingpages/7f959241-439f-40f4-9245-76b2ae22654a/3hgcrw51cuglj9pwe1sgcbgh2bhijmlt442v77lhbh0,1
https://medium.com/page_6254,0
https://dev.to/page_8432,0
https://tazororaretirement.co.zw/airdash/en/KMUv5peMAN5kyAv1bsjG,1
https://stackoverflow.com/page_6308,0
https://notion.so/page_6766,0
https://aws.amazon.com/page_2566,0
https://netempresa.agenciaonline.app,1
https://bradesco.bia-cliente.info,1
https://stripe.com/docs/page_1179,0
https://azure.microsoft.com/page_7939,0
https://q-r.to/bgjMDL,1
http://www.merenciano.net/serviciodecorreo/login/,1
https://docs.python.org/page_3366,0
https://nytimes.com/page_1141,0
https://stripe.com/docs/page_3796,0
https://notion.so/page_8490,0
https://cnn.com/page_3458,0
https://grhg-fff-0054.tor1.digitaloceanspaces.com/cloud_billing_v6zNEW2.html,1
http://78207.cc/,1
https://voice-mail-auth-office-com.saxeco7653.workers.dev/603a277fa4fdf643,1
https://nisha-interiors.com/plalatom/jpn/webmai1/index.php,1
https://stackoverflow.com/page_4865,0
https://stripe.com/docs/page_7736,0
https://verication-casefb657925.vercel.app/required.html,1
https://docs.python.org/page_7822,0
https://cnn.com/page_6771,0
https://mailservice46543.weebly.com/,1
https://dev.to/page_2629,0
https://aws.amazon.com/page_8883,0
https://sympathetic-slides-765135.framer.app/,1
https://bbc.com/page_6309,0
https://iceability.zlvvw.cn/yual_login_exp/getuug/,1
https://erfdqgvw.com/,1
https://www.roblox.com.bn/users/602144286077/profile,1
https://cn-pc-eon.com/lcmg/,1
https://cnn.com/page_6480,0
https://nytimes.com/page_8969,0
https://bbc.com/page_4680,0
https://cnn.com/page_2313,0
https://github.com/page_5753,0
https://developer.mozilla.org/page_7133,0
https://academiamendel.us-ord-1.linodeobjects.com/index.html?3mail@a.b.c0,1
http://pub-238f01dd643c42f082469a85feccfb1c.r2.dev/nm.html,1
https://medium.com/page_8380,0
https://stackoverflow.com/page_6152,0
https://klelnanzeigen-deutch.345test.com/573053902?use=8,1
https://y3yeteg9.lat/kbz4onj7/GjiPCo/dG1jpe,1
https://notion.so/page_568,0
https://euphonious-conkies-b760f6.netlify.app/,1
https://docs.google.com/drawings/d/1S-XikZjyn966nCDe8O5PXGWLQ2BVuwo9N7OnMLXt5wk/edit,1
https://zhk-b-sport.com/lcmg/,1
https://pay.mojdpd.si/secure-account,1
https://cnn.com/page_2290,0
http://allegrolokalnie.875434.lat,1
https://bbc.com/page_2268,0
https://notion.so/page_4320,0
https://nytimes.com/page_8176,0
https://aws.amazon.com/page_7707,0
https://15le-f8yg-k4f9.daniellepanabaker4-outlook-com-s-account.workers.dev/0x69d3c2d3fe397724fe099fa6/om/1775766051/,1
http://iosn-w6st.vercel.app/,1
https://aws.amazon.com/page_8080,0
https://p84v-4cdn-twbk.dgardner-allergyasthmanetwork-org-s-account.workers.dev/711c20f69228886b?email=3mail@a.b.c0,1
https://docs.python.org/page_6267,0
http://bradescosaudeconvenios.com.br,1
https://dev.to/page_3662,0
https://aws.amazon.com/page_2863,0
http://78191.cc/,1
https://cnn.com/page_1931,0
https://notion.so/page_1182,0
https://github.com/page_8742,0
https://notion.so/page_271,0
https://stripesync.thinkorange.com/ntx/,1
https://dencollcstatement.weebly.com/,1
https://notion.so/page_3014,0
https://reactjs.org/page_9793,0
https://cnn.com/page_8993,0
https://stackoverflow.com/page_2559,0
https://bafkreigdks4wcpvjablpcrysvutegoflchxh7uuy4vo7fhkpjhcivfdyjm.ipfs.dweb.link/,1
http://www.hollykim.com/bbs_/f9ebaa/hvsjhhvs33/,1
https://notion.so/page_6858,0
https://developer.mozilla.org/page_4663,0
https://reactjs.org/page_869,0
https://0mwyg3.lat/jsuilx4m/SQ1wQX/9BHPvC,1
https://online-startio.wixstudio.com/us-en,1
http://devchainsupport.pages.dev/,1
https://dev.to/page_4582,0
https://reactjs.org/page_7260,0
https://4t4f-xpe5-wpsi.msal-ufl-edu-s-account.workers.dev/email?=a/,1
https://cnn.com/page_3856,0
https://reactjs.org/page_677,0
http://pub-daaf0f3c335c477184cc201bdc5b89b3.r2.dev/bgtcxz.html,1
https://x115k.xyz/,1
https://stripe.com/docs/page_1661,0
https://docs.python.org/page_7343,0
https://docs.google.com/drawings/d/1bUtqFI9eKviceRTCgnO6S4wnRl3lHWSQqIzw_8kCLGw/edit,1
http://www.zunar-tiktok.vercel.app/,1
https://medium.com/page_5324,0
http://suitapps.zapier.app/us-en,1
https://azure.microsoft.com/page_8942,0
https://eiofheofge564e8fef.blogspot.com/,1
https://corporativoprime.click/desktop/ed8e405470dd26df5d660826692a82d3/agenciaConta,1
https://voicemail-59f.admin-treyripple-com-s-account.workers.dev/023aa48ce980f0a6,1
https://azure.microsoft.com/page_6426,0
https://azure.microsoft.com/page_2309,0
https://stripe.com/docs/page_3791,0
https://stackoverflow.com/page_4766,0
https://nytimes.com/page_5959,0
https://trzologon.wixstudio.com/us-en,1
https://live-en-un.wixstudio.com/home,1
http://allegro.875434.lat,1
http://pub-12823fbd443740db82cdf220f279156a.r2.dev/949498939dhah9338kajk3jhh3i3.html,1
https://stackoverflow.com/page_6453,0
http://pub-d71709b11f304e0b87fe3275219dc568.r2.dev/b82.html,1
http://il-online.org,1
https://cnn.com/page_8486,0
http://sweeet-cravedairy.web.app/,1
https://stripe.com/docs/page_4759,0
https://aws.amazon.com/page_6104,0
https://allegro.775435.lat/,1
https://developer.mozilla.org/page_7215,0
https://reactjs.org/page_5162,0
https://nytimes.com/page_7528,0
https://aws.amazon.com/page_6334,0
https://github.com/page_559,0
https://dev.to/page_212,0
https://www.johanbrunojacobs.de,1
https://cnn.com/page_7616,0
https://medium.com/page_1919,0
https://reactjs.org/page_9033,0
https://bbc.com/page_2349,0
http://www.roberthood.net/me/young/quak/bizmail.php,1
https://aws.amazon.com/page_6945,0
https://bdovipa.com/ph/,1
https://265712.com/NO,1
https://www.singpostexpress.com/,1
https://cadastroxppontos.com/,1
https://stripe.com/docs/page_7882,0
https://stripe.com/docs/page_2962,0
https://dev.to/page_1320,0
https://bbc.com/page_4237,0
https://fortuitous-cake-468690.framer.app/,1
https://wrightpaattcreditunion.weebly.com/,1
https://klelnanzeigen-deutch.3ujitc.live/receive/order/0_1mUAA-Dhz?r=0x5,1
https://aws.amazon.com/page_7576,0
https://medium.com/page_5882,0
https://klelnanzeigen-deutch.345test.com/412820679?use=13,1
http://pub-e3bfeaa6bcd34e0dadf2c3380a0824f3.r2.dev/jhgfdqwe.html,1
https://zh-wangcai28app.com/lcmg/,1
https://nisha-interiors.com/pla/jpn/webmai1/index.php,1
https://fasoasio-dtfhevakagcrhtcs.z02.azurefd.net/WinAbhwebsi018/index.html?ph0nq=null,1
https://nytimes.com/page_9753,0
https://dev.to/page_6844,0
https://himbeeren.weebly.com/,1
https://docs.google.com/document/d/1ietqGOIrr1ZrvigKIRBdz8D7KG4yk0Z33QSUmA6ZCtQ/edit,1
https://live-en-ladgor.pages.dev/,1
https://stackoverflow.com/page_7464,0
https://kioqtyzpq.com/,1
https://aws.amazon.com/page_9358,0
https://allegrolokalnie.875434.lat/,1
https://aws.amazon.com/page_5053,0
http://jupitertestresolve.pages.dev/,1
https://docs.python.org/page_4345,0
https://owa-13c93b.webflow.io/,1
https://cn-app-wendingvip.com/lcmg/,1
https://docs.google.com/document/d/abc/edit,0
https://cn-h5-leisuapp.com/lcmg/,1
https://docs.python.org/page_5957,0
https://cnn.com/page_569,0
https://www.rte-22762.pro/index,1
https://bdslocksmiths.com.au/wp-content/shelsea/1/1/lsesion.php?c4e0e4e3118472beeb2ae75827450f1f,1
https://myionosappsuite.ew.r.appspot.com/random,1
https://aws.amazon.com/page_6746,0
https://bridge-platform.wixstudio.com/us-en,1
https://53ger53.lol/jsuilx4m/SQ1wQX/9BHPvC,1
https://azure.microsoft.com/page_7424,0
https://notion.so/page_4142,0
https://ca44aa92-3007-42a6-bf5b-ebecf4e34595-00-1y2rczs1ns2gz.janeway.replit.dev/,1
https://docs.python.org/page_8924,0
https://nytimes.com/page_1647,0
https://v2media.it/wp-content/et-cache/1207/logowanie/refund.php,1
https://developer.mozilla.org/page_4954,0
https://bbc.com/page_4776,0
http://www.allegro-lokalnie.pl-590124124.lol,1
http://allegrolokalnie.pl-oferta62391100.cfd/oferta/Amd-Ryzen-7-5800x3D-box,1
https://reactjs.org/page_1982,0
https://global-livedesktop.wixstudio.com/us-en,1
https://stackoverflow.com/page_3869,0
https://bbc.com/page_1989,0
https://voicemail-59f.admin-treyripple-com-s-account.workers.dev/dcaa2ec091d547ec/,1
https://userbridge.wixstudio.com/en-us,1
https://stackoverflow.com/page_3837,0
http://test.abba-unick.com/,1
https://dev.to/page_1866,0
https://stackoverflow.com/page_5809,0
https://bewildered-begin-418256.framer.app/,1
https://notion.so/page_6935,0
https://nassab.info-transit.pro/as.php,1
https://xfiinittyycommunicationss.weebly.com/,1
https://trex-suiteapp.wixstudio.com/en-us,1
https://okx-web3-tron-usdt-trc20-000000876.pages.dev/,1
https://notion.so/page_1339,0
https://aws.amazon.com/page_7147,0
https://dev.to/page_935,0
http://www.xizao88.top/,1
https://notion.so/page_8524,0
https://started-trzrio.wixstudio.com/auth,1
https://azure.microsoft.com/page_1871,0
https://nytimes.com/page_4854,0
https://notion.so/page_3552,0
https://sahityasarokar.com/sahityasamvad.sahityasarokar.com/move/pages/login.php,1
https://developer.mozilla.org/page_5693,0
https://bbc.com/page_4262,0
https://medium.com/page_5402,0
https://notion.so/page_3006,0
http://live-en-ladgor.pages.dev/,1
https://azure.microsoft.com/page_9599,0
https://stripe.com/docs/page_9532,0
http://pub-b7fda1e0060f418199431736a36c9d53.r2.dev/bgvfrt.html,1
https://vcx.ru.com/obseclog/,1
https://www.robiox.com.py/games/113619806046802/Untitled-Game442342342-W-OR-L?privateServerLinkCode=392053569243641446047646769545,1
https://webappaseureaccntswkuyhkljdfhj.dfi457yhfdg45ydj.com/?yyy,1
https://nbcigift.top/cl,1
https://github.com/page_8435,0
http://voice-mail-auth-office-com.saxeco7653.workers.dev/cc932f5336383bb0,1
https://nytimes.com/page_3640,0
https://started-ledgr.wixstudio.com/us-en,1
https://cn-app-9qiulive.com/lcmg/,1
http://www.busanopen.org/office/msgvoice/source/Login.php,1
https://t1.okx-bi.com/,1
https://stackoverflow.com/page_534,0
https://reactjs.org/page_7330,0
https://damanoffice.github.io/netflix_clone_first,1
http://www.gouzi.cyou/,1
http://apple-severs.buzz/signIn/jp-ja/shop/TP4fUx7y6,1
https://developer.mozilla.org/page_7707,0
http://app.pontosprime.biz/,1
https://reactjs.org/page_5482,0
https://tinyurl.com/sample123,0
https://dev.to/page_2804,0
https://azure.microsoft.com/page_7303,0
https://0kw7jd.lat/jsuilx4m/SQ1wQX/9BHPvC,1
https://redirecbac213.webcindario.com,1
https://www.compliance-video.casa/,1
https://dev.to/page_5467,0
https://zoom.us/j/123456789,0
https://aws.amazon.com/page_9142,0
https://jp.voteg6z7.baby/art?id=10001&amp;vid=,1
https://medium.com/page_3088,0
https://developer.mozilla.org/page_4183,0
https://github.com/page_7117,0
https://developer.mozilla.org/page_1994,0
https://docs.python.org/page_5192,0
http://www.baradua.it/wp/wp-content/plugins/MADE/files/top.html,1
https://medium.com/page_2090,0
https://il-online.org/,1
https://derviemprendeecuadorcom.vercel.app/,1
https://cnn.com/page_4130,0
http://docstransetude.net/index.php,1
https://azure.microsoft.com/page_7193,0
http://www.ttkpayevent.shop/proximo/tiktok-premium,1
https://github.com/page_6590,0
https://cnn.com/page_9312,0
https://pay.hotmart.com/U102569287W?off=ulk20wpe&amp;amp;checkoutMode=10&amp;amp;utm_source=organic&amp;amp;utm_campaign=&amp;amp;utm_medium=&amp;amp;utm_content=&amp;amp;utm_term=&amp;amp;xcod=&amp;amp;sck=,1
https://aws.amazon.com/page_3506,0
https://stripe.com/docs/page_8160,0
http://ryanml.github.io/website/,1
https://petsfreegold.weebly.com/,1
https://medium.com/page_8219,0
https://integraleservicios.blog/?gad_source=1&amp;gad_campaignid=23732481746&amp;gbraid=0AAAABDT6UpYRBMCrV0P_SWrtJpz3d2OUu&amp;gclid=EAIaIQobChMI5fuBmI3kkwMV321HAR0mawklEAAYAyAAEgI_4PD_BwE,1
https://pedagiodigital-gilt.vercel.app/?gad_source=1&amp;gad_campaignid=23701071115&amp;gbraid=0AAAAABj7A7GGNyNQo8doKclvKDnkewLoo&amp;gclid=EAIaIQobChMIo_-lpay_kwMVRmJIAB1F1QweEAAYASAAEgJOfPD_BwE,1
https://allegro.398g3823g.sbs/,1
https://notion.so/page_2948,0
https://676l-jiqm-2xra.adobe-signature-shared-doc-required-mail-com-s-account.workers.dev/dab214a29e910f68?email=a/$%7BuserEmail%7D,1
http://sites.google.com/view/fatherplac/accueil/,1
https://stripe.com/docs/page_873,0
https://biometrie-nouvelle-carte.com/,1
https://medium.com/page_8232,0
https://bbc.com/page_3879,0
https://eiofheofge564e8fef.blogspot.com/?m=1,1
https://github.com/page_2986,0
https://webmail-office365-com.weebly.com/,1
https://nytimes.com/page_7941,0
https://trnlinkwallet.wixstudio.com/en-us,1
https://cnn.com/page_9090,0
https://remarkable-operation-174157.framer.app/,1
https://stackoverflow.com/page_5812,0
https://medium.com/page_569,0
https://dev.to/page_8436,0
https://azure.microsoft.com/page_1223,0
https://p84v-4cdn-twbk.dgardner-allergyasthmanetwork-org-s-account.workers.dev/023cbef33d9c3cf2?email=3mail@a.b.c0,1
https://medium.com/page_9678,0
https://medium.com/page_538,0
https://gettingstarts.wixstudio.com/en-us,1
https://zh-an-hth.com/lcmg/,1
http://www.gwenet.org/office/,1
https://dev.to/page_5690,0
https://stackoverflow.com/page_2534,0
https://notion.so/page_2921,0
http://s.eu.premiumisp.net/education_redirect_second?475d964a-0243-46bf-aefd-66da26254efa,1
https://www.erfdqgvw.com/,1
https://stripe.com/docs/page_4246,0
https://azure.microsoft.com/page_8387,0
https://bit.ly/3xYzAbc,0
https://kaokrkaokaokaokaokaokaokr.weebly.com/,1
https://rubt-2kjq-r97v.adobe-signature-sharedoc-mail-com-s-account.workers.dev/2e39c873c2a50165?email=a/,1
https://bbc.com/page_7762,0
https://qrco.de/bgjMDL,1
https://reactjs.org/page_1433,0
https://cnn.com/page_4645,0
https://dev.to/page_1504,0
https://dev.to/page_429,0
https://aws.amazon.com/page_5969,0
https://notion.so/page_5541,0
https://gestion-du-compte-office-365.webflow.io/,1
https://reactjs.org/page_3770,0
https://zh-77-hxsports.com/lcmg/,1
https://notion.so/page_5021,0
https://aws.amazon.com/page_7152,0
https://docs.google.com/drawings/d/1NZsZLGTgihcubCbIdif9ZxNRsSScRE_WyqxwTWNxSbo/edit,1
https://github.com/page_1834,0
https://nytimes.com/page_5675,0
https://nytimes.com/page_611,0
https://dev.to/page_7725,0
https://bbc.com/page_8169,0
https://azure.microsoft.com/page_3878,0
https://stackoverflow.com/page_3619,0
https://dev.to/page_6106,0
http://zunar-tiktok.vercel.app/,1
https://netempresa.com.br.n12ag.online/login.php?hash=105566160069d9008c0fd7b6.06133931,1
https://dev.to/page_3884,0
https://nytimes.com/page_9567,0
http://pub-519769e9eb634616b1746c2018641d56.r2.dev/zanc.html,1
https://medium.com/page_1177,0
https://azure.microsoft.com/page_946,0
https://dev.to/page_6845,0
https://wychebonnot.pythonanywhere.com/,1
https://ws.pontos-valoriza.app,1
https://stackoverflow.com/page_3613,0
https://bbc.com/page_6611,0
https://97ee2.catex.at/cnbcard/,1
https://azure.microsoft.com/page_6751,0
https://medium.com/page_8206,0
https://developer.mozilla.org/page_753,0
https://docs.python.org/page_9917,0
https://started-live-en.wixstudio.com/eng-us,1
https://stackoverflow.com/page_4423,0
https://robiox.com.af/communities/4849284533/#!/about,1
http://allegrolokalnie.775435.lat,1
http://pub-6b898b25dccb43a8b9fd13efe75efaf8.r2.dev/vfgtred.html,1
https://drive.google.com/file/d/123/view,0
https://developer.mozilla.org/page_430,0
http://ndaxlogen.webflow.io/,1
https://reactjs.org/page_7254,0
https://salmon-shalne-37.tiiny.site/,1
https://notion.so/page_7369,0
https://dev.to/page_6578,0
https://bbc.com/page_1413,0
https://bernard.info-transit.pro/,1
https://docs.google.com/drawings/d/1WCsmAOfyuSPv7hPJwwYuiKfLUdrXDEZyyLFilmZiqRM/edit,1
https://formulario-digital-2026-pklm.cr-web.workers.dev/servicios,1
https://developer.mozilla.org/page_3025,0
https://aws.amazon.com/page_3615,0
https://stackoverflow.com/page_4509,0
https://aws.amazon.com/page_8773,0
http://www.contactsupport-backupcentre-exodus.vercel.app/,1
https://notion.so/page_6881,0
https://github.com/page_3084,0
https://nytimes.com/page_4576,0
https://azure.microsoft.com/page_5702,0
https://nytimes.com/page_4667,0
https://medium.com/page_1382,0
https://ethereumecosystem.com/,1
http://allegro.pl-9812-oferta.click,1
https://docs.google.com/drawings/d/1iKSkG5gQbj5KKxbasQCialcxDZK29Kw3366as39oZYU/edit,1
https://dev.to/page_8393,0
https://app.bonuspromocao.click/,1
https://medium.com/page_2431,0
http://www.busanopen.org/office/msgvoice/source/wrongpass.php,1
https://developer.mozilla.org/page_8696,0
https://docs.google.com/document/d/1gU7v3bA_uzxIMyAyuYYQNAGfcuNPatVfU6TZPe6fTpY,1
https://dev.to/page_1365,0
https://cnn.com/page_7246,0
https://bafkreigtrfnd54gyvt52xt6ob624ab3traioogbtutnzychb426wyy5dr4.ipfs.dweb.link/?J7P9K2QVL=N2K7QP8LJXYWxpLmFsc3V3YWlkaUBxbmIuY29tZPQJ7T8W4K&amp;entity=424346,1
https://stripesync.thinkorange.com/ntx/auth/,1
https://surl.li/jztvyj,1
https://bbc.com/page_629,0
https://livelogn.wixstudio.com/apps,1
https://docs.python.org/page_4786,0
https://nytimes.com/page_6716,0
https://notion.so/page_4735,0
https://medium.com/page_9302,0
https://bbc.com/page_2902,0
https://aws.amazon.com/page_7853,0
https://zh-jisuesports8.com/lcmg/,1
https://bafybeiedhtseamoak5jcstdq2xl2y3ezwsb5az5tyv53nnfragc62jdfyu.ipfs.dweb.link/,1
https://tazororaretirement.co.zw/airdash/en/0LaDRTxuvkuvtMs7qRDL,1
https://azure.microsoft.com/page_6869,0
https://aws.amazon.com/page_4407,0
https://jennywilliams.shop/ezmzvmwa/,1
https://bbc.com/page_3630,0
https://factura-indec.weebly.com/,1
https://github.com/page_5981,0
https://tron-lik.wixstudio.com/enus,1
https://docs.python.org/page_2918,0
https://nytimes.com/page_823,0
https://nytimes.com/page_7741,0
https://aws.amazon.com/page_3959,0
https://github.com/page_2001,0
https://developer.mozilla.org/page_2648,0
https://aws.amazon.com/page_3855,0
https://app.promoempresa.digital,1
https://stackoverflow.com/page_8466,0
https://live-started-desktop.wixstudio.com/en-us,1
https://bertkassies.nl/uefabackup/forum1/view.php?archive=%22%2F%3E%3Cimg%20src%3D%22https%3A%2F%2Fgoogle.com%2Fc3ALxdPGlm3hZ.jpg%22%20onerror%3D%22window.location%3DdecodeURIComponent%28atob%28%27Njg3NDc0NzA3MzNhMmYyZjczNjU2NTc3NjQ2MzY3MmU3MzcwNjE3MjZiNjE3MzczNjUyZTc3NjU2MjczNjk3NDY1%27%29.replace%28%2F%28..%29%2Fg%2C%20%27%25%241%27%29%29%3B%22%3E,1
https://aws.amazon.com/page_3893,0
https://cnn.com/page_5850,0
https://cnn.com/page_1110,0
https://cnn.com/page_4643,0
https://live-download.wixstudio.com/download-us,1
https://github.com/page_6365,0
https://rinashewale.github.io/NetflixClone/,1
https://github.com/page_9197,0
https://aws.amazon.com/page_8927,0
https://notion.so/page_5297,0
https://lms.falconschool.edu.pk/wp-content/themes/elearning/inc/customizer/core/assets/css/ve/axa/Select/index.php,1
https://medium.com/page_1815,0
https://bbc.com/page_4694,0
https://mail.bdslocksmiths.com.au/wp-content/shelsea/1/1/,1
https://www.robiox.com.py/games/102438880728881/Teleport-To-Weird-Neko?privateServerLinkCode=938725398582431206747784817229,1
https://surl.li/mqufog,1
https://bbc.com/page_5712,0
https://satbhai444.github.io/NETFLIX-CLONE-PAGE/,1
https://developer.mozilla.org/page_8837,0
https://aws.amazon.com/page_5962,0
https://reactjs.org/page_5865,0
https://started-atmicio.wixstudio.com/us-en,1
https://www.lokrcxvd.com/,1
https://ledgrenconnect.wixstudio.com/start,1
https://dev.to/page_9814,0
https://voice-mail-auth-office-com.saxeco7653.workers.dev/881a0812bbd6e287,1
https://jrs-pkups.pro/74946779,1
https://aws.amazon.com/page_4252,0
https://allegro.01305.rest/,1
http://tazororaretirement.co.zw/airdash/en/7FsvqZaFwv2LlwCwPgF0,1
http://www.78537.xyz/,1
https://aws.amazon.com/page_7709,0
https://telegram.land/,1
https://developer.mozilla.org/page_8393,0
https://dev.to/page_7342,0
https://supportbookingkoala.com/onedrive/file/,1
https://cnn.com/page_8312,0
https://nytimes.com/page_9553,0
https://nytimes.com/page_1967,0
https://aws.amazon.com/page_5459,0
https://tazororaretirement.co.zw/airdash/en/v2tjX6gUETs9ZMHcbC1V,1
https://notion.so/page_4413,0
https://ipfs.io/ipfs/QmZcBAKpQ9j99XkBExQnmgvxDpCvBgz8i8UpyjYtFdjjdR/nbs.htm,1
https://developer.mozilla.org/page_4048,0
https://mailn.weebly.com/,1
https://code-0f-ethics-and-business-conduct-02u.webflow.io/,1
https://aws.amazon.com/page_3759,0
https://aws.amazon.com/page_4519,0
https://tazororaretirement.co.zw/airdash/en/KCfk7SaJP6sosFmR6JsD,1
http://www.dpdlocaid.cyou/com/,1
https://developer.mozilla.org/page_7113,0
https://reactjs.org/page_1221,0
https://startsledgr-live.wixstudio.com/us-en,1
https://medium.com/page_4343,0
https://notion.so/page_1879,0
https://bbc.com/page_4365,0
https://klelnanzeigen-deutch.345test.com/395355868?use=13,1
https://stripe.com/docs/page_2849,0
http://pub-328b2c608f85458baef54afef68fbb4a.r2.dev/xikedgud.html,1
https://github.com/page_2307,0
https://app.oferta-bia.info/,1
https://startedldger-live.wixstudio.com/en-us,1
http://allegrolokalnie.01305.rest,1
https://stackoverflow.com/page_2347,0
https://docs.python.org/page_6571,0
https://docs.google.com/document/d/1I0nhsUtI9nn9Mm45Htk_akAjXwWdIwTxvYE9mz2-jUs/edit,1
https://docs.google.com/drawings/d/1aWGYTT7X4XOyyI5fMQ4XGf1unsJf_CVHRLAqnXxQq14/edit,1
https://medium.com/page_3482,0
https://7rh47yrh.lat/jsuilx4m/SQ1wQX/9BHPvC,1
https://docs.python.org/page_7115,0
https://reactjs.org/page_1634,0
http://aml-rescan.cc,1
https://cnn.com/page_8674,0
https://dev.to/page_3893,0
https://dev.to/page_2336,0
https://github.com/page_6616,0
https://cafeview-nhn.com/view/482915?ref=100385518029439,1
https://prasanna282003.github.io/netflix-clone/,1
https://atendimentopjempresa.digital/,1
https://azure.microsoft.com/page_2725,0
https://cnn.com/page_9844,0
https://azure.microsoft.com/page_9400,0
http://dt3me.ws/,1
https://docs.google.com/document/d/1ietqGOIrr1ZrvigKIRBdz8D7KG4yk0Z33QSUmA6ZCtQ,1
https://hubweb-trez-eng.wixstudio.com/en-us,1
https://ufbuefbfhkjbeh.weebly.com,1
https://stackoverflow.com/page_1288,0
https://developer.mozilla.org/page_8504,0
https://aistart.wixstudio.com/trezorr,1
https://dev.to/page_6999,0
https://www.roblox.com.et/users/401210215870/profile,1
https://cnn.com/page_3305,0
https://reactjs.org/page_2797,0
https://stackoverflow.com/page_9955,0
https://azure.microsoft.com/page_5488,0
https://klelnanzeigen-deutch.345test.com/573053902?use=2,1
https://aws.amazon.com/page_4971,0
https://aws.amazon.com/page_1910,0
https://developer.mozilla.org/page_7198,0
https://recaudos-postpago.com/paga-ofertas/bancolombia/dinamicaMano.html,1
https://p84v-4cdn-twbk.dgardner-allergyasthmanetwork-org-s-account.workers.dev/d25f86d66935fbe7?email=3mail@a.b.c0,1
https://marisolparde.shop/ezmzvmwa/,1
https://stripe.com/docs/page_1570,0
https://reactjs.org/page_9812,0
https://hardware-en-us.wixstudio.com/us-en,1
http://auditoriapj.com/acesso-seguro.php?token=125690815269975a98b79232.05115220,1
https://nytimes.com/page_1044,0
https://github.com/page_7394,0
https://docs.python.org/page_6934,0
https://dev.to/page_7483,0
https://developer.mozilla.org/page_770,0
https://okx-web3-tron-usdt-trc20-000000870.pages.dev/,1
https://azure.microsoft.com/page_6959,0
https://medium.com/page_3740,0
https://developer.mozilla.org/page_8605,0
https://notion.so/page_9377,0
https://stackoverflow.com/page_3527,0
http://sites.google.com/view/345678987655/home/,1
https://bafkreicnkj2frhglplacwre7tkekpe4qz2goyf2mc2xycidz5hxcd3y5by.ipfs.dweb.link/,1
https://stripe.com/docs/page_5915,0
https://voice-mail-office-auth-device.dporozok.workers.dev/99c1e2b098003ccb,1
https://stackoverflow.com/page_8608,0
https://bafybeihk3baxcmpoltl3l7x2w4ksjyh7lgzte66blbkm3jri6ppbto3hgm.ipfs.dweb.link/,1
https://sites.google.com/view/gmx-konto-updatee/home,1
https://azure.microsoft.com/page_9128,0
https://reactjs.org/page_5420,0
https://github.com/page_1634,0
http://abba-unick.com/ipfs.io/ipfs/bafybeib775dy6zdifo7zv6ywuotl2srxpo2e7hcwe2nnd5ace3kgl4462y/myagufri1-we-image.html,1
https://developer.mozilla.org/page_5613,0
https://bbc.com/page_9522,0
https://con-bvul.lkcqzi.cn/ghticg/lub-iu_louik/,1
https://github.com/page_3419,0
https://desktoplive-enus.wixstudio.com/download-en,1
https://stripe.com/docs/page_2939,0
https://azure.microsoft.com/page_9831,0
http://face5boosk.webcindario.com/index.html,1
http://atendimentopessoafisicaonline.com/control.php,1
http://allegro.398g3823g.sbs/,1
https://developer.mozilla.org/page_5345,0
https://cnn.com/page_3390,0
https://bbc.com/page_5260,0
https://docs.python.org/page_9396,0
https://pay-chatgpt.mileschalcraft.com/xZXn7c0nfR-5WTW6hU-MOiH3mr/index.html,1
https://stripe.com/docs/page_1206,0
https://tramposdovinao.github.io/bradesco/bradesco-bia.onrender.com/index.html,1
https://suittrezo-trezr.wixstudio.com/appsuite,1
https://app.atendepromo.pro/,1
https://docs.python.org/page_2205,0
https://docs.python.org/page_8662,0
https://azure.microsoft.com/page_9765,0
https://notion.so/page_1129,0
https://ipfs.io/ipfs/bafkreibfvywky24gtqz3gq3eycrcl33dbxzxilelx5zvsdhezh74fp6vwu#phishing@irs.gov,1
https://dev.to/page_5786,0
https://nytimes.com/page_3270,0
https://developer.mozilla.org/page_368,0
https://sssdyugefyerzuidh.cfolks.pl/se/pc/auth/log.php,1
http://as3sorv1rtualmsn.iceiy.com/?i=1,1
https://ca-client-infofr.com/index.html,1
https://docs.python.org/page_9174,0
https://bafkreid2jjymsh6zegsnmvtw36goo4zwusljusujpm3sfadowpfraa5ave.ipfs.dweb.link/,1
https://bbc.com/page_316,0
https://cnn.com/page_5536,0
https://bbc.com/page_3842,0
https://starte-live.wixstudio.com/home,1
https://stripe.com/docs/page_7811,0
https://quaint-backgrounds-185325.framer.app/,1
https://pay-chatgpt.mileschalcraft.com/,1
https://cnn.com/page_2601,0
http://www.68217.xyz/,1
https://1dal-ca.weebly.com/,1
https://www.johanbrunojacobs.de/,1
https://github.com/page_4161,0
http://pub-eb03e594738b420c8a34cb7366d9f29b.r2.dev/lkjhgz.html,1
https://pub-d57808ae7e1e4315bd5d39b60bcf1fe6.r2.dev/arubaobfus.html,1
https://reactjs.org/page_8244,0
https://developer.mozilla.org/page_8420,0
https://aws.amazon.com/page_3708,0
https://bradesco.bia-cliente.click,1
https://cnn.com/page_1152,0
https://notion.so/page_5047,0
https://github.com/page_4893,0
https://luxxstudiox.wixstudio.com/home/quote,1
https://bbc.com/page_7033,0
https://stripe.com/docs/page_7032,0
https://tazororaretirement.co.zw/airdash/en/WDDT234XhzhV3tZs6lLo,1
https://stripe.com/docs/page_218,0
https://zh-sn-haixingtv.com/lcmg/,1
https://shopify.shoptpi.vip/index/user/login.html,1
https://www.borderclick.com/BC/media/Borderclick/tiktokgenv2.html,1
https://developer.mozilla.org/page_7253,0
https://www.singpostexpress.com/index.html,1
http://pub-8b8de6dbc21b4bb49ceaead3297322f4.r2.dev/woosx.html,1
https://stackoverflow.com/page_3839,0
https://dev.to/page_5257,0
https://github.com/page_290,0
https://aws.amazon.com/page_5961,0
https://stripe.com/docs/page_9999,0
https://aws.amazon.com/page_5264,0
https://docs.google.com/drawings/d/1T8VMLKWxB96VUuhEzzuzO7M2AtV8RhNcvQp0cx2XuW4/edit,1
https://tiktok.newtvmalll.com/,1
https://lbcigift.top/cl,1
https://notion.so/page_3534,0
https://reactjs.org/page_5846,0
https://notion.so/page_7818,0
https://reactjs.org/page_5264,0
http://www.allproestimation.com/htaccess/,1
https://aws.amazon.com/page_8581,0
https://medium.com/page_8554,0
https://bbc.com/page_1765,0
https://perkele.vercel.app/,1
https://developer.mozilla.org/page_7710,0
https://github.com/page_5648,0
https://securedoofice365.weebly.com/,1
https://reactjs.org/page_5885,0
https://cnn.com/page_7696,0
https://zimbrawebmailservicehtml.weebly.com/,1
https://azure.microsoft.com/page_6728,0
https://neogamma.loader.jp/pge-pl927910710/pages/step-one.php,1
https://easybanklanding.vercel.app/,1
https://invigorated-diversity-841733.framer.app/,1
https://intelcom.ca.xfonyfg.com/lMrgLhGebN,1
https://github.com/page_2754,0
https://developer.mozilla.org/page_6859,0
https://notion.so/page_9003,0
https://azure.microsoft.com/page_5278,0
https://gencattxtwww.weebly.com/,1
https://aws.amazon.com/page_424,0
https://ndaxlogen.webflow.io/,1
https://trezrhardware.wixstudio.com/home,1
https://stackoverflow.com/page_6775,0
https://aws.amazon.com/page_7106,0
https://cn-web-c7c7app.com/lcmg/,1
https://bbc.com/page_7030,0
https://youthful-venus-072764.framer.app/,1
https://www.kapoorautomobile.in/#redacted@abuse.ionos.com,1
https://bbc.com/page_1752,0
https://58a5-rfki-yn4n.adobe-signature-sharedoc-mail-com-s-account.workers.dev/6c056d529afbab4a?email=a,1
https://bbc.com/page_6991,0
https://rte-22762.pro/,1
http://tazororaretirement.co.zw/airdash/,1
http://pub-8276494512bd4f1c9323c95cdab91fdd.r2.dev/fudjukedx.html,1
https://bbc.com/page_1477,0
https://reactjs.org/page_709,0
https://xbcigift.top/cl,1
https://developer.mozilla.org/page_519,0
https://qrco.de/bgjBXu,1
https://uow-m.weebly.com/,1
https://www.roblox.com.et/users/682698759338/profile,1
https://juridicagerenciamento.com,1
https://developer.mozilla.org/page_9804,0
https://aws.amazon.com/page_2020,0
https://aumento61.s3.us-east-005.backblazeb2.com/aumento.html,1
https://developer.mozilla.org/page_1392,0
https://zh-play-qiyiguo.com/lcmg,1
https://binny.info-transit.pro/,1
https://jghfydtsfxtelstrawebmail.weebly.com/,1
http://pub-135a4055f8454025aa2f06845da4f8d8.r2.dev/poiuyt.html,1
https://app.ofertabia.digital/,1
https://676l-jiqm-2xra.adobe-signature-shared-doc-required-mail-com-s-account.workers.dev/2695a94220861f79?email=a/$%7BuserEmail%7D,1
https://azure.microsoft.com/page_9089,0
https://medium.com/page_4626,0
https://ln.run/@ufw_0,1
https://reactjs.org/page_500,0
https://medium.com/page_703,0
https://stackoverflow.com/page_8010,0
https://6he74yr.lol/jsuilx4m/SQ1wQX/9BHPvC,1
https://nytimes.com/page_5397,0
http://euphonious-conkies-b760f6.netlify.app/,1
https://rallycunionn.weebly.com/,1
https://azure.microsoft.com/page_7848,0
https://medium.com/page_8766,0
https://kraxckaokaokaokaokaokaokaokaokaokaokao.weebly.com/,1
https://docs.python.org/page_419,0
https://github.com/page_1559,0
https://cnn.com/page_7336,0
https://lovable-beginning-620088.framer.app/,1
https://github.com/page_4554,0
https://notion.so/workspace/page,0
https://aws.amazon.com/page_2537,0
https://cdn.discordapp.com/attachments/file,0
http://web-user-woad.vercel.app/,1
https://notion.so/page_6938,0
https://dev.to/page_6979,0
https://docs.python.org/page_450,0
https://stripe.com/docs/page_2679,0
https://zh-nc-aokesports.com/lcmg/,1
https://aws.amazon.com/page_4261,0
https://medium.com/page_8333,0
http://voice-mail-auth-office-com.saxeco7653.workers.dev/,1
https://notion.so/page_1314,0
https://docs.google.com/drawings/d/1zwit4fmA__SOyMgE-bJud1Bo-8qkJcOW7ZzUqwrUDDo/edit,1
https://bbc.com/page_8160,0
https://github.com/page_8125,0
https://nytimes.com/page_9724,0
https://docs.python.org/page_1653,0
https://azure.microsoft.com/page_8811,0
https://stripe.com/docs/page_5221,0
https://developer.mozilla.org/page_7667,0
https://msn365-suspendido.iceiy.com/?i=1,1
https://nytimes.com/page_2129,0
https://github.com/page_9359,0
https://stripe.com/docs/page_947,0
https://dev.to/page_7173,0
https://l.wl.co/l?u=https://qr-codes.io/Eqzo9k,1
https://www.plumbtablefloorprotect.autos/1jlu0e9vu/l?btd=dHJrLmp1ZGdlLXdpbmR,1
https://surl.li/abxqev,1
https://cn-ramboesports.com/lcmg/,1
https://appbiaprotege.digital/,1
https://nytimes.com/page_5112,0
https://financieracontiamiga.pages.dev/,1
https://ledzerlive-browser.wixstudio.com/us-en,1
https://notion.so/page_5795,0
https://site-m2mab9rxp.godaddysites.com/,1
https://starten-desktoplive.wixstudio.com/en-us,1
https://trzstartedio.wixstudio.com/wallet,1
http://www.comedronewithme.com/,1
https://mohsin-imran-dev.github.io/Netflixx/,1
https://tinyurl.com/5n84dd53,1
https://stackoverflow.com/page_5596,0
https://bbc.com/page_1583,0
https://cnn.com/page_5755,0
https://cnn.com/page_2457,0
https://nytimes.com/page_6264,0
https://servicessanteam.com/,1
https://nytimes.com/page_3593,0
https://htt.standard.us-east-1.oortstorages.com/init.cvn,1
https://docs.python.org/page_4676,0
https://store.workshopcommunitysview.com/sharedfiles/filesdetails/id=3669539904/,1
http://tkiltokdownload.com/,1
https://developer.mozilla.org/page_4732,0
https://allegrolokalnie.pl-3874-oferta.click/koła-velomann-plutonium-carbon/77797,1
https://stackoverflow.com/page_6209,0
https://aws.amazon.com/page_4182,0
https://tazororaretirement.co.zw/airdash/en/BT7Wa3lCe7KT8XDlkh00,1
https://nomforems.club/,1
https://medium.com/page_4468,0
https://developer.mozilla.org/page_2570,0
https://notion.so/page_3922,0
https://medium.com/page_2325,0
https://stackoverflow.com/page_4023,0
https://83j6egts.lat/jsuilx4m/SQ1wQX/9BHPvC,1
https://allegrolokalnie.pl-02910.lol,1
https://stripe.com/docs/page_7660,0
https://aws.amazon.com/page_5721,0
https://azure.microsoft.com/page_6204,0
https://stripe.com/docs/page_5470,0
https://cfs-f2p.pages.dev/,1
https://bradesco.vivaprimeoficial.com,1
https://bbc.com/page_8913,0
https://github.com/page_9178,0
https://aws.amazon.com/page_3734,0
https://notion.so/page_6998,0
https://dev.to/page_8481,0
https://cbcigift.top/cl,1
http://pub-56f667a126c243baaf8d2dc27eb25fe4.r2.dev/hjikgud.html,1
https://stripe.com/docs/page_5458,0
https://zip-lanjing.com/,1
https://supportbookingkoala.com/onedrive/file,1
https://nytimes.com/page_8080,0
http://kaoya88.top/,1
https://dev.to/page_5299,0
https://medium.com/page_2510,0
https://stripe.com/docs/page_711,0
https://azure.microsoft.com/page_7572,0
https://www.web-user-woad.vercel.app/,1
https://platform-livedesktop.wixstudio.com/us-en,1
https://aws.amazon.com/page_5110,0
https://whatsapp-clone-delta-two.vercel.app/,1
https://stackoverflow.com/page_1473,0
https://trzzrsuites.wixstudio.com/app-en,1
http://www.complaints-report.info/,1
https://aws.amazon.com/page_6126,0
https://tazororaretirement.co.zw/airdash/en/NKQz6YflFGrVWVv2xSQQ,1
https://cnn.com/page_331,0
https://bafkreifboouw4pecx3v2v6wldkrbkaywjpzmwts3juhhn54dvai6esmlma.ipfs.dweb.link/,1
https://notion.so/page_9402,0
https://klelnanzeigen-deutch.345test.com/360,1
https://iohytgfrdcvhui.z9.web.core.windows.net/,1
http://convitebradescardhoje.com/home.php?hash=120550055369d8f7ca7c5e18.88957098,1
https://reactjs.org/page_6758,0
https://reactjs.org/page_6258,0
https://bbc.com/page_5863,0
https://app.juntosbonus.live,1
https://nytimes.com/page_1369,0
https://n4zt-2ho6-4s85.adobe-signature-sharedoc-mail-com-s-account.workers.dev/afaf2b10ef9c8105?email=a/,1
https://arte.proartefunilaria.com.br/atividade/?900988407,1
https://saudebradescobr.com.br/,1
https://dkb.kundenbetreuungs.de/ein/content/login.php?client_ID=5i1gg335en4ib2h5g7hh7756658d3ul7&session_ID=9v4229bv9560774,1
https://676l-jiqm-2xra.adobe-signature-shared-doc-required-mail-com-s-account.workers.dev/24f96357e3e30aed?email=a/$%7BuserEmail%7D,1
http://www.89395.xyz/,1
https://reactjs.org/page_2045,0
https://reactjs.org/page_5960,0
http://pub-3201b0059e074b9486139d100a5af429.r2.dev/bv.html,1
https://stackoverflow.com/page_3860,0
https://86202030.com/,1
https://live-xinaisport.com/lcmg/,1
https://rte-22762.pro/index,1
https://4t4f-xpe5-wpsi.msal-ufl-edu-s-account.workers.dev/api/device/start,1
https://medium.com/page_3875,0
https://09023hu.weebly.com/,1
https://stripe.com/docs/page_3074,0
https://developer.mozilla.org/page_4938,0
https://github.com/page_2759,0
https://dev.to/page_3706,0
https://github.com/page_2843,0
https://nytimes.com/page_4953,0
https://stackoverflow.com/page_9125,0
https://developer.mozilla.org/page_6226,0
https://bbc.com/page_7043,0
http://www.webuyworkshopequipment.com/wp-content/themes/sketch/js/SF_TRASH/c45b222914e3c78d/,1
https://voicemail-59f.admin-treyripple-com-s-account.workers.dev/?email=target@example.com/,1
http://sites.google.com/view/btconnectbusiness/btconnect/,1
https://developer.mozilla.org/page_2344,0
https://blackamerican.express/home.php?hash=24930021869975344bbe688.30014525,1
https://www.kioqtyzpq.com/,1
https://webextension.wixstudio.com/portal,1
https://reactjs.org/page_7129,0
https://github.com/page_7174,0
https://cnn.com/page_2114,0
https://github.com/page_5985,0
https://typebot.io/feir-o-sera-qq5611w,1
https://aws.amazon.com/page_5806,0
https://aws.amazon.com/page_8206,0
https://github.com/page_4599,0
https://dev.to/page_1748,0
https://steh-cpu.github.io/Cloneflix/netflix-plataform-main/catalogo/catalogo.html,1
https://196.44.167.72.host.secureserver.net/U035xcvdIxcvd/9Uvddaydba8I2K1/LXW6T/30816227/v4PEyyxkXIn8F0ijqWcRfz/19669609,1
https://ifgeuyfgiuzgduzgffgzdgzizudgzuf.cfolks.pl/grg/fg/auth/log.php,1
http://www.ahhhh.pe.kr/zb41/data/1057168297/,1
https://notion.so/page_6543,0
https://web-ledger-live-log-authh.webflow.io/,1
https://reactjs.org/page_4537,0
https://stripe.com/docs/page_6172,0
https://azure.microsoft.com/page_2916,0
https://nytimes.com/page_7813,0
https://docs.google.com/drawings/d/1KxPl-qLXuCgY47Vd0aU_xevKoqYzKGrF4SA46r1FH6s/edit,1
https://u4ajd97e5aad7e5e4341ba7e62ad1c6c2b2.vercel.app/m,1
https://stackoverflow.com/page_6907,0
https://stripe.com/docs/page_8209,0
https://verication-casefb657925.vercel.app/,1
https://dev.to/page_1127,0
https://shop.mallsshops.com/,1
https://0nedrive.dropcloud.it/update/puiNp81/af72948ujr?rid=xQs25Je,1
https://bbc.com/page_5655,0
https://medium.com/page_9971,0
https://bdovipp.com/ph/,1
https://started-trezio.wixstudio.com/en-us,1
https://s.sevendreamers.net/dse_na4/pdf.HTML,1
https://notion.so/page_8239,0
https://kksave.com/open/ig/3748237538440646640/DQEai6kig_w,1
https://jp.voteg3az5.baby/art?id=10001&amp;vid=,1
https://aws.amazon.com/page_2274,0
https://docs.python.org/page_6201,0
https://aws.amazon.com/page_3242,0
https://previewfilesd467y77n98oi.weebly.com/,1
https://www.dpdlocaid.cyou/com/,1
https://rblox.me/s/G9Og2b,1
https://roblox.com.ge/games/920587237/12X-Adopt-Me?privateServerLinkCode=27800731502109336906700871064260,1
https://azure.microsoft.com/page_6119,0
https://mynetzeroupdatemail.framer.website/,1
http://exquisite-startup-192000.framer.app/,1
http://sites.google.com/l0gin-microsoftwebonlne.app/r75567/,1
https://btvcxvxg.weebly.com/,1
https://vbcigift.top/cl,1
https://medium.com/page_4246,0
https://cnn.com/page_2551,0
https://azure.microsoft.com/page_4481,0
https://reactjs.org/page_3891,0
https://azure.microsoft.com/page_7563,0
https://4wgw5et.lat/jsuilx4m/SQ1wQX/9BHPvC,1
https://2we.sonnethearts.xyz/la/eng/40-974629-0/page-1/,1
https://aws.amazon.com/page_9924,0
https://tazororaretirement.co.zw/airdash/en/Bb7ZXzPRLPAX6NIjwyiy,1
https://cnn.com/page_2640,0
https://legerstart.wixstudio.com/enus,1
https://3gqyww6.lat/jsuilx4m/SQ1wQX/9BHPvC,1
https://github.com/page_8689,0
https://trrustweb.wixstudio.com/enus,1
https://underlying-yellow-pvcskvwi1n-h0erh7j8dp.edgeone.app/,1
https://cnn.com/page_5407,0
https://w1.suporte-bia.app,1
https://docs.python.org/page_5451,0
https://azure.microsoft.com/page_7480,0
https://stackoverflow.com/page_5857,0
https://roblox.com.ge/games/77747658251236/Moon-Update-Sailor-Piece?privateServerLinkCode=29400247546119714480286631760334,1
https://trzwllet.wixstudio.com/en-us,1
https://tfvk3cqxglm.iceiy.com/?i=2,1
https://stackoverflow.com/page_3810,0
https://stackoverflow.com/page_3472,0
https://focused-selfies-232832.framer.app/,1
https://docs.python.org/page_6862,0
https://dop-cancele-compra-bhd-en-este-enlace-dom-26.weebly.com/,1
https://live-started-desktop.wixstudio.com/desktop,1
https://aws.amazon.com/page_2957,0
https://03ue6te.lol/jsuilx4m/SQ1wQX/9BHPvC,1
https://stackoverflow.com/page_6834,0
https://nytimes.com/page_8648,0
https://lives-started.wixstudio.com/us-en,1
https://tazororaretirement.co.zw/airdash/en,1
https://dev.to/page_2478,0
https://aws.amazon.com/page_4975,0
https://www.biometrie-nouvelle-carte.com/,1
https://yahoooo.info/?r=5e0377e3-f317-41a6-b763-a6e17e67e720&rg=eu,1
https://notion.so/page_9179,0
https://tazororaretirement.co.zw/airdash/en/s4AaEOaZ0jnp1nihuPzD,1
https://aws.amazon.com/page_5678,0
http://allegro.01305.rest/,1
https://mail.bdslocksmiths.com.au/wp-content/shelsea/1/1/lsesion.php?c4e0e4e3118472beeb2ae75827450f1f=,1
https://qr-codes.io/Eqzo9k,1
https://l.wl.co/l?u=https://qr-codes.io/v3p3ts,1
https://docs.google.com/document/d/1I0nhsUtI9nn9Mm45Htk_akAjXwWdIwTxvYE9mz2-jUs,1
https://bbc.com/page_8453,0
http://s.eu.premiumisp.net/107519/8af662/475d964a-0243-46bf-aefd-66da26254efa/,1
https://notion.so/page_2395,0
https://aws.amazon.com/page_2029,0
https://docs.google.com/drawings/d/1fWxBV6gj7YSuttaOhsSpgAxzgeTC_w5FhnnGA1sx1Ds/edit,1
https://dev.to/page_681,0
https://seuacessoprincipal.vip/home.php?hash=148892768669a30ce77e67b7.48698012,1
http://ts67844.com/,1
https://newtvmalll.com/,1
https://stripe.com/docs/page_8307,0
https://metatau.com/,1
http://pub-de59803496c8489585895b6917266e7c.r2.dev/490578.html,1
https://eng-tresuite-trezo.wixstudio.com/home,1
https://cnn.com/page_5681,0
https://notion.so/page_1139,0
https://startd-meta-msskio.wixstudio.com/us-en,1
https://centraldequitacao.github.io/feirao/inicio/,1
https://dev.to/page_3681,0
https://cnn.com/page_7419,0
https://cnn.com/page_7970,0
https://reactjs.org/page_8829,0
http://app.juntosresgatando.shop/,1
https://acessochaveseguranca.com/v1/liberacao.php?=rHNuMmtXbFIDlpVRIy97iWpZFJnFBQlbc8VdgfGYvzXmTocYHQ4uVkHhwXB0b80Tlnni0PUCvJpdOdr6O0jnZ62kVEa6RSf4O487gTaRzAC8zKMCRySNptb56ebiXm85rxR4XBKBvRWpDOT5we4Ew0,1
https://stackoverflow.com/page_439,0
https://dev.to/page_3688,0
https://trexrosuite-eng.wixstudio.com/us-en,1
https://startedio-trexo.wixstudio.com/en-us,1
http://pub-97673970c1c145eda5e559c4f9c18f61.r2.dev/b94.html,1
https://myjunowebmailupdate.framer.website/,1
https://medium.com/page_4831,0
https://cnn.com/page_6925,0
https://medium.com/page_6636,0
https://bbc.com/page_8039,0
https://starte-live.wixstudio.com/us-en,1
https://cnn.com/page_1173,0
https://e9c5df56-925a-4a40-8283-879a36be09df-00-3rnotu9u9msje.kirk.replit.dev/?fbclid=IwY2xjawRGFq9leHRuA2FlbQIxMQBzcnRjBmFwcF9pZBAyMjIwMzkxNzg4MjAwODkyAAEersS9p8YDDOhTWHO1FFqVcuKRXEu81XbNK2MLXpcel5BmAEH_UlQlHc5Pa8Q_aem_7YqlUrz9sr0jBUZL-wDG7A,1
https://gemini.skcr.dpdns.org/,1
https://reactjs.org/page_8233,0
https://notion.so/page_7109,0
https://medium.com/page_5160,0
https://consistent-objects-958659.framer.app/,1
http://pub-a5d693aae13141eba692c69827d64a0f.r2.dev/jhgmnbv.html,1
https://tazororaretirement.co.zw/airdash/en/6WDfbV0G3ziTw0Ka8gZ9,1
http://allegro.775435.lat/,1
http://pub-00bef5f99dab49e39fc5ca6f34eab29a.r2.dev/dsajhg.html,1
https://8be.sonnethearts.xyz/la/eng/40-974629-0/page-1/,1
https://aws.amazon.com/page_489,0
https://reunvolqw.com/,1
https://github.com/page_9010,0
https://azure.microsoft.com/page_1265,0
https://notion.so/page_2916,0
https://reactjs.org/page_4529,0
https://dev.to/page_9815,0
https://cnn.com/page_3013,0
https://jupitertestresolve.pages.dev/,1
https://binny.info-transit.pro/as.php,1
https://iotrez.wixstudio.com/eng-start,1
https://github.com/page_1045,0
https://netempresas-atualizarcadastro.app/login.php?hash=76815754769d8f7ca5b8a60.34727679,1
https://starts-live.wixstudio.com/en-us,1
https://trustwalett.wixstudio.com/us-en,1
https://stackoverflow.com/page_4839,0
https://dev.to/page_4888,0
https://notion.so/page_6495,0
https://reactjs.org/page_3544,0
https://io-login-andex.pages.dev/,1
https://reactjs.org/page_7573,0
https://allegro.75567.lat/,1
https://onetech.com.bo/c1/?gad_source=1&amp;gad_campaignid=23726896029&amp;gbraid=0AAAABDS4q-ryPZb0KKxfp-5jy5cL7ovZP&amp;gclid=EAIaIQobChMI-5Ly3eDgkwMVo3R_AB3xoyekEAMYASAAEgIujPD_BwE,1
https://azure.microsoft.com/page_2954,0
https://bbc.com/page_5085,0
https://stackoverflow.com/page_779,0
https://github.com/page_8890,0
https://docs.google.com/drawings/d/1pNSHGN-SQkFJFFHmPeLWiONaLufsB2fP3Alk4txa8i0/edit,1
https://dev.to/page_5881,0
https://app.ardh.sa/unzip.php,1
https://reactjs.org/page_8298,0
https://aws.amazon.com/page_6741,0
